year,network,publication_date,title,program_channel,word_count
2015,CNN,2015-06-20 19:00:00,Dylann Roof Confesses To Role In Charleston Massacre; Escaped Convicts Still On The Loose. Aired 3-4p ET,CNN Newsroom | WWW,6568
2015,CNN,2015-12-06 14:00:00,Terror in London; President Obama to Address Nation; Interview With Florida Senator Marco Rubio; Interview With Ohio Governor John Kasich; Presidential Candidates At The Republican Jewish Coalition Forum; Donald Trump Leads Latest CNN Poll; Former Vice President Dick Cheney's Bust Unveiling. Aired 9-10a ET,State of the Union | WWW,7597
2015,CNN,2015-08-10 19:00:00,Texas Police Shooting; Ferguson Violence; Trump Under Fire. Aired 3-3:30p ET,CNN Newsroom | WWW,4207
2016,CNN,2016-06-15 11:00:00,"Alligator Snatches Boy at Disney Resort; Killer Scouted Disney World & Gay Nightclub Before Attack; Obama, Clinton Blast Trump's 'Dangerous Rhetoric'.  Aired 7-7:30a ET",New Day | WWW,4194
2016,CNN,2016-02-03 23:00:00,"North Korea Fears; Trump Tantrum?; Clinton, Sanders Clash Over 'Progressive' Tag; New Images Suggest North Korean Launch is Imminent. Aired 6-7p ET",The Situation Room | WWW,7759
2016,CNN,2016-01-23 11:00:00,Massive Storm Threatens To Cripple East Coast; 33 Million People Under Blizzard Warning; Thousands Stranded On Kentucky Highway. Aired 6-7a ET,New Day Saturday | WWW,8395
2016,Fox,2016-08-16 15:19:31,Islamist preacher Anjem Choudary guilty of inviting support for ISIS,isis,327
2017,CNN,2017-01-13 15:00:00,House Takes First Step Today to Kill Obamacare; FBI Faces Investigation over Clinton E-mail Case; Cabinet Picks Break with Trump on Key Issues. Aired 10-10:30a ET,CNN Newsroom | WWW,4180
2017,CNN,2017-09-27 09:30:00,Roy Moore Wins Alabama GOP Senate Runoff; Trump Defends Puerto Rico Response; Trump Threatens North Korea.  Aired 5:30-6a ET,Early Start with John Berman and Zoraida Sambolin | WWW,4270
2017,CNN,2017-04-05 15:00:00,North Korea Fires Missile Ahead Of Trump-China Meeting; Soon: U.N. Ambassador Haley Speaks About Syria Attack; Trump Condemns Syria Attack And Blames Obama; McCain: U.S. Should Dedicate Itself To Removing Assad; Schiff: Rice May Testify In Russia Probe; Two House Dems Predict Some Trump Aides Will Be Jailed; Now: U.N. Meeting On Suspected Gas Attack In Syria. Aired 11-11:30a ET,At This Hour | WWW,4338
2017,Fox,2017-01-26 11:03:43,Why isn't more being done to curb soaring US debt?,Interviews,732
2017,Fox,2017-01-27 21:51:57,Out of Lebanon: American Woman and Adopted Baby Welcomed Home,Interviews,1100
2017,Fox,2017-01-26 10:50:17,Sen. Portman: US deficit is 'going in the wrong way',Interviews,900
2018,CNN,2018-09-25 20:30:00,Trump Lashes Out at Kavanaugh Accusers; Bolton Threatens Iran. Aired 4:30-5p ET,The Lead with Jake Tapper | WWW,3526
2018,CNN,2018-01-18 12:00:00,GOP Moves Ahead with Vote to Avoid a Government Shutdown. Aired 7-7:30a ET,New Day | WWW,5114
2018,CNN,2018-12-22 19:00:00,Partial U.S. Federal Government Shutdown Continues; Republican Senators Meet at White House Regarding Government Funding Bill; President Trump Announces Withdrawal of U.S. Troops from Syria; James Mattis Resigns as U.S. Secretary of Defense; Brett McGurk Resigns as U.S. Global Envoy to Combat ISIS; President Trump Reportedly Expresses Desire to Fire Federal Reserve Chairman; House Judiciary Committee Calls on Acting Attorney General Whitaker to Testify; Fiance of Missing Woman in Colorado Arrested; High School Wrestler Forced by Referee to Cut Hair or Forfeit Match. Aired 2-3p ET,CNN Newsroom | WWW,6634
2018,Fox,2018-10-30 13:16:55,Graham: Kavanaugh and the caravan have united Republicans,TRANSCRIPT,7738
2018,Fox,2018-09-11 22:36:08,Gutfeld on the true identity of the op-ed writer,Greg,329
2018,Fox,2018-09-16 18:16:50,Rep. Devin Nunes: Need to declassify Russia documents before election,SHOWS,7674
2019,CNN,2019-04-02 09:30:00,White House Staffer: 25 Security Clearance Denials Overruled; Democrats To Authorize Subpoena For Full Mueller Report; Stampede At Nipsey Hussle Memorial; UNC Women's Coach And Staff Put On Leave; Another Round of Brexit Gridlock.  Aired 5:30-6a ET,Early Start with John Berman and Zoraida Sambolin | WWW,4162
2019,CNN,2019-05-23 20:00:00,Trump Announces Farmer Bailout to Offset China Trade War; Pelosi vs. Trump; New Monmouth Poll: 33 Percent of Dem Voters Support Biden; 2020 Candidates Grapple with Whether to Talk Impeachment. Aired 4-4:30p ET,The Lead with Jake Tapper | WWW,4214
2019,CNN,2019-04-17 00:00:00,White House Officials Fear President Trump's Anger As Their Testimony May Be Exposed in the Mueller Report; Rep. Ro Khanna (D-CA) is Interviewed About the Upcoming Release of the Mueller Report. Aired on 8-9p ET,Anderson Cooper 360 Degrees | WWW,8680
2019,Fox,2019-08-01 23:05:32,Gutfeld on Elijah Cummings’ comments on Baltimore,OPINION,359
2019,Fox,2019-10-24 21:11:25,"Mayor Bill de Blasio ignoring New York City fourth-graders asking for a school, critic says",Bill de Blasio,373
2019,Fox,2019-09-07 03:16:55,Hannity: Trump 'improving the quality of life for everyone in this country',Fox News Flash,290
2020,CNN,2020-03-24 06:00:00,"Governors in 16 U.S. States Issue Stay-at-Home Orders; U.K. Implements Stay-at-Home Order; Spain Expects Virus to Peak Perhaps This Week; Trump Hopes Malaria Drugs Can Treat Virus; 129 People Linked To Facility Test Positive, 29 Dead; China's Hubei Province To Lift Travel Restrictions; 19 of India's 28 States Order Complete Lockdown. Aired 2-3a ET",CNN Newsroom | WWW,8083
2020,CNN,2020-08-14 13:30:00,"Trump Admits He's Blocking Postal Service Funding to Stop Mail- In Votes; Biden, Harris Call for Nationwide Mask Mandate; Biden and Harris to Hold Even Together for 3rd Straight Day; U.S. Declines Russia's Offer to Help ""Operation Warp Speed""; U.S. Retail Sales Up, But Signs of Possible Slowdown Ahead. Aired 9:30-10a ET",CNN Newsroom | WWW,2862
2020,CNN,2020-05-08 14:00:00,"20.5 Million Jobs Lost In April, Worst Jobs Report In U.S. History; Manufacturer Says, Only Enough Remdesivir For 200,000 Patients Worldwide; Suspects Won't Face Hate Crime Charges In Ahmaud Arbery's Death. Aired 10-10:30a ET",CNN Newsroom | WWW,3685
2020,Fox,2020-03-08 18:36:23,"Dr. Ben Carson: Coronavirus 'certainly has the potential to be severe,' task force meeting every day to prevent that",Fox News Flash,632
2020,Fox,2020-03-03 23:41:41,Gutfeld on Bernie vs. Joe,OPINION,455
2020,Fox,2020-05-29 14:33:42,Tucker Carlson: Our leadership class is fanning racial flames. They're doing nothing to calm the situation,Tucker Carlson,2285
2021,CNN,2021-12-28 19:30:00,"Rep. Shontel Brown (D-OH) Discusses Dems Falling Short On 2021 Goals; U.S. And Russia To Talk Ukraine And Security Issues Jan. 10th; Four People Killed, Officer Injured In Colorado Shooting Spree; Woman Seen Punching Man On Plane Faces Federal Charges. Aired 2:30-3p ET",CNN Newsroom | WWW,3184
2021,CNN,2021-03-17 08:00:00,"College Enrollment Unevenly Declines In The U.S.; Broadway Eager, Awaits The Day When The Lights Go Back On; Historic Snowstorm Strikes The American West. Aired 4-4:10a ET",CNN 10 | WWW,1589
2021,CNN,2021-02-11 23:00:00,"House Democrats Wrap Up Impeachment Argument Against Trump; Interview with Sen. Ben Cardin (D-MD); Key GOP Senators, Who are Also Trial Jurors, Meet Privately with Trump's Lawyers; Source: Trump's COVID-19 Condition Was So Concerning That Doctors Considered Putting Him on a Ventilator. Aired 6-7p ET",The Situation Room | WWW,7286
2021,Fox,2021-08-07 04:50:35,Greg Gutfeld: We are the luckiest generation of spoiled brats in the history of the world,OPINION,1228
2021,Fox,2021-04-13 14:17:17,'Data is in': Dr. Makary on Fauci cautioning against indoor dining after being vaccinated,Fox News Flash,181
2021,Fox,2021-10-29 13:59:55,'Ingraham Angle' on vaccine mandates,TRANSCRIPT,6925
2022,CNN,2022-02-04 14:00:00,January Jobs Report; Putin Gets China's Support; Winter Storm Paralyzes Parts of the U.S.; RNC Votes on Resolution of Censure; Mayor Eric Adams is Interviewed about Gun Violence. Aired 9-9:30a ET,CNN Newsroom | WWW,3844
2022,CNN,2022-09-22 16:30:00,"Book: Top Official Wondered What Putin Had On Trump; Source: House Dems Convince Key Progressive To Vote ""Present""; Dem Strategist: ""Never Seen Anything Like"" Surge In Women Voters. Aired 12:30-1p ET",Inside Politics | CNN,3622
2022,CNN,2022-10-10 11:30:00,"Control of Senate, House Uncertain 4 Weeks ahead of Midterms; Deadly Blasts Rock Kyiv After Crimea-Russia Bridge Explosion; Human Rights Group: 185 Dead in Iran Protests, Including 19 Children; LA City Council President Apologizes For Alleged Racist Remarks; Kayne West Suspended From Instagram& Twitter for Anti-Semitic Posts. Aired 7:30-8a ET",New Day | CNN,3215
2022,Fox,2022-09-08 04:37:36,Rep Tom Tiffany: Should it be any surprise to the American people that they were misled?,Fox News Flash,220
2022,Fox,2022-08-11 02:25:48,Scott Perry on Mar-a-Lago raid: They're scared to death Trump will come back in 2024,Fox News Flash,272
2022,Fox,2022-06-22 04:32:53,Michael Shellenberger says Biden is constantly contradicting himself on oil: 'Too easy' to 'debunk his lies',Fox News Flash,240
2023,CNN,2023-10-07 21:00:00,"Israel: At Least 200 Dead In Surprise Hamas Attack; Interview With IDF Spokesperson Lt. Col. Jonathan Conricus; Pentagon: ""Unwavering"" In Commitment To Israel's Self-Defense; Netanyahu: ""Citizens Of Israel, We Are At War""; William Cohen, Former U.S. Defense Secretary, Discusses Hamas' Surprise Attacks On Israel, Possible Intelligence Failures; Efraim Halevy, Former Mossad Chief, Discusses Hamas' Surprise Attacks on Israel, Continuing Conflict. Aired 5-6p ET",The Situation Room | CNN,6009
2023,CNN,2023-05-29 18:00:00,Russia Targets Kyiv In Unusual Day Time Attack; NATO Allies Congratulate Erdogan; State Farm Stops Home Insurance Sales In California; Reports: Queen's Music Catalog Could Sell For More Than $1B; Millions Traveling Home After U.S. Holiday Weekend; Venice Grand Canal Turns Bright Green; Giant Panda Ya Ya Returns To Beijing Zoo. Aired 2-3p ET,Isa Soares Tonight | CNN,7784
2023,CNN,2023-02-18 03:00:00,"Amateur Ballonist Group From Illinois Says Small Balloon Last Reported Over Alaska Missing In Action; Residents Fear Air Quality, Water Safety After Toxic Train Crash; Wall Street Journal Reports, Schools Cutting Honors Classes Due To Lack Of Black And Latino Students; School Districts Cutting Honors Classes; New Homeowner Trapped By Own Security System. Aired 10-11p ET",CNN Tonight | CNN,8305
2023,Fox,2023-01-14 00:17:52,Judge Jeanine Pirro suspicious about timing of Biden scandal: Is this Dems trying to 'get Biden the hell out'?,Joe Biden,208
2023,Fox,2023-01-22 16:30:11,Timing of Ron Klain's reported White House departure is 'curious' amid Biden classified docs scandal: Kudlow,POLITICS,650
2023,Fox,2023-06-15 04:50:06,"GREG GUTFELD: Democrats lied and 'cried Trump' before, now 'it's hard to care'",OPINION,1449
2024,CNN,2024-06-07 02:00:00,Trump And MAGA Vow Revenge On Invisible And Perceived Enemies; Biden Says He Wouldn't Pardon Son If He's Convicted; President Biden Says In An Interview With ABC He Is Ready For A Debate With Trump; Grandson Of Black Panther Party Founder Clarifies His Grandfather's Comment. Aired 10-11p ET,CNN NewsNight with Abby Phillip | CNN,7448
2024,CNN,2024-12-02 20:00:00,Special Counsel Who Prosecuted Hunter Biden: No Evidence He was a Victim of Vindictive Prosecution; Trump Slams Biden's Decision to Pardon Son Hunter; Rep. Dan Goldman (D-NY) Discusses About President Biden Pardoning His Son Hunter; Protests in Georgia After Delay to Join EU; Syrian & Russian Jets Step Up Strikes on Rebel Forces. Aired 3-3:30p ET,CNN News Central | CNN,4308
2024,CNN,2024-10-23 12:00:00,"Democratic Presidential Candidate Kamala Harris to Attend Town Hall to Take Voters Questions in Pennsylvania; Former Marine General and Trump Chief of Staff John Kelly States in Interview that Donald Trump Admires Dictators and Fits Definition of ""Fascist""; Election Officials in Key Swing States Fighting Misinformation; Iranian Brigadier General Charged in US Murder-for-hire Plot. Aired 8-8:30a ET",CNN News Central | CNN,3624
2024,Fox,2024-12-20 18:33:45,DC pizzeria owner says positive messages overwhelmed backlash to X post congratulating Trump,Fox News Flash,562
2024,Fox,2024-08-06 00:02:34,LAURA INGRAHAM: This is the only shot we have at returning prosperity to the middle-class,Media,230
2024,Fox,2024-12-03 02:20:19,JESSE WATTERS: Biden acts like he has a monopoly on morality,Fox News Flash,335
2025,CNN,2025-02-25 17:30:00,"FAA To Use Musk's Starlink System To Upgrade Its Networks; Trump Voters In Colorado Reflect On President's First Month; Near Collision Between Southwest Jet, Private Plane In Chicago. Aired 12:30-1p ET",Inside Politics | CNN,3365
2025,CNN,2025-02-10 15:00:00,"Trump Announces 25 Percent Tariffs On Steel, Aluminum; China's Tit- For-Tat Tariffs On U.S. Products Begin Today; Trump Freezes Aid To South Africa Over Controversial Law. Aired 10-11a ET",Connect the World | CNN,8129
2025,CNN,2025-01-17 18:00:00,Trump Inauguration Moved Indoors; Immigration Crackdown; Supreme Court Upholds TikTok Ban; Interview With Sen. Edward Markey (D-MA). Aired 1-1:30p ET,CNN News Central | CNN,4770
2025,Fox,2025-02-14 18:00:45,"NYC Mayor Adams, Trump border czar Homan announce 'game changer' for ICE enforcement",Media,689
2025,Fox,2025-01-10 21:03:23,'Real Housewives' star Ramona Singer slammed as 'tone-deaf' for flippant comment on California wildfires,The Real Housewives,677
2025,Fox,2025-02-23 03:52:43,"Press secretary Karoline Leavitt talks landing historic White House role, dispels Trump misconceptions",Media,653
